volumen_calculado_mm3,num_voxeles,diametro_feret,elongacion,redondez,espaciado_x,espaciado_y,espaciado_z
30157.07304385158,12480,0.0,1.7437031086202943,0.4218643235108537,0.8027340173721313,0.8027340173721313,3.75
44848.05486242576,14314,0.0,2.1937124087835485,0.4742934197879822,0.9140620231628418,0.9140620231628418,3.75
1908.5118255615237,973,0.0,1.676779033692044,0.844347489539902,0.80859375,0.80859375,3.0
73401.30265904359,33267,0.0,1.6472204868366862,0.4332329164183309,0.9394530057907104,0.9394530057907104,2.5
36819.3073425293,29863,0.0,2.3905030012967297,0.547420334942547,0.78515625,0.78515625,2.0
10752.654142245514,6453,0.0,2.3323830297949586,0.6611721577040786,0.8164060115814209,0.8164060115814209,2.500009298324585
7578.770324707031,4399,0.0,1.902279296679452,0.806178403014079,0.7578125,0.7578125,3.0
3385.467520457818,2398,0.0,3.573731384570175,0.6462677741105578,0.6859999895095825,0.6859999895095825,3.0
9169.710138794211,3296,0.0,2.7442233404480576,0.7724649770745002,0.8613280057907104,0.8613280057907104,3.75
60739.64896704233,19637,0.0,1.2820764665868256,0.3865130040531074,0.9082030057907104,0.9082030057907104,3.75
3993.75,3408,0.0,2.064668941271451,0.7339200789960836,0.625,0.625,3.0
11406.28252021045,8880,0.0,1.0372796265741668,0.7707881528693366,0.7167969942092896,0.7167969942092896,2.499993085861206
7541.074951171875,3169,0.0,1.3942874492612432,0.911525110793254,0.890625,0.890625,3.0
10760.859375,4685,0.0,1.4405806569677622,0.9233753388499856,0.875,0.875,3.0
10971.038520772488,6753,0.0,2.698521157737031,0.5783302837437229,0.6582030057907104,0.6582030057907104,3.75
11733.684886110414,3745,0.0,1.3623810147902216,0.844560331762773,0.9140620231628418,0.9140620231628418,3.75
687.715576171875,361,0.0,1.6091513996714288,0.8930397456585939,0.796875,0.796875,3.0
15052.294127343665,6744,0.0,1.6426873613960478,0.90823188823151,0.7714840173721313,0.7714840173721313,3.75
3580.7145882928544,4007,0.0,1.2310761643415602,0.6650735462567654,0.9453120231628418,0.9453120231628418,1.0
15891.986663308237,13373,0.0,2.787904232359277,0.7220033855060097,0.6894530057907104,0.6894530057907104,2.5
64260.78491358732,25810,0.0,4.564466524828568,0.5745064053652069,0.9110000133514404,0.9110000133514404,3.0
54850.40879018282,17657,0.0,2.163748220701989,0.6070631697051938,0.9101560115814208,0.9101560115814208,3.75
78758.27789234043,52398,0.0,1.5265060705675175,0.6047302447941887,0.7753909826278687,0.7753909826278687,2.5
4624.34326171875,1314,0.0,2.5096399428530223,0.9803353642209388,0.96875,0.96875,3.75
3123.41130065918,1449,0.0,1.3121913691479337,0.9017584953952263,0.84765625,0.84765625,3.0
10179.080638885498,2927,0.0,1.7815316261278131,0.7240509289417996,0.833984375,0.833984375,5.0
21265.79870598932,6346,0.0,1.3150794163621378,0.4444486256217372,0.9453120231628418,0.9453120231628418,3.75
2699.74422674231,807,0.0,1.4151359477804442,0.8072217406592037,1.055999994277954,1.055999994277954,3.0
193362.00572014053,63603,0.0,2.175239561990358,0.3164469123133787,0.9003909826278687,0.9003909826278687,3.75
2462.628262814012,1495,0.0,1.435478886508615,0.8103809641971778,0.7409999966621399,0.7409999966621399,3.0
5053.579696655273,3157,0.0,1.7825772408492555,0.820576267969645,0.73046875,0.73046875,3.0
24871.308345888345,11549,0.0,5.3891549024909615,0.6147317870336979,0.7578120231628418,0.7578120231628418,3.75
2800.7323265075684,1421,0.0,1.0367491924098402,0.7650423353598638,0.810546875,0.810546875,3.0
40946.16417937246,17111,0.0,1.7308815301068443,0.9452007015971758,0.7988280057907104,0.7988280057907104,3.75
3696.17431640625,3433,0.0,1.0833834453227535,0.8360399698937483,0.65625,0.65625,2.5
17850.46620410976,7670,0.0,1.8746558745483828,0.3868226449175752,0.9648439884185792,0.9648439884185792,2.5
7434.033894183743,2284,0.0,1.8621445631050688,0.7714703567109564,0.9316409826278688,0.9316409826278688,3.75
17421.846744605813,9880,0.0,3.079260091789703,0.7355867795739616,0.8398439884185791,0.8398439884185791,2.5
4368.045730860044,1859,0.0,1.4367389686370424,0.6305050936125577,0.8849999904632568,0.8849999904632568,3.0
9041.090075484515,6404,0.0,1.2803211083409407,0.8029282777107567,0.6859999895095825,0.6859999895095825,3.0
7194.649662184551,3709,0.0,1.6714018535767274,0.6964391382509686,0.8808590173721313,0.8808590173721313,2.5
3909.800045013428,1789,0.0,1.2517356090868743,0.8615994558751239,0.853515625,0.853515625,3.0
7492.490640983231,3277,0.0,1.972279568415572,0.8352582575070202,0.8730000257492065,0.8730000257492065,3.0
828.5287429316868,375,0.0,1.113446945438778,0.987500874695704,0.7675780057907104,0.7675780057907104,3.75
96237.44330132563,25944,0.0,1.3305444211405464,0.4388324543837323,0.8613280057907104,0.8613280057907104,5.0
1386.8856811523438,805,0.0,1.849181677131505,0.7590471091877966,0.7578125,0.7578125,3.0
15784.4267578125,9756,0.0,4.28943770626315,0.7019649875195886,0.734375,0.734375,3.0
12932.331396197813,5935,0.0,1.6350815106702838,0.8266369476078359,0.9335939884185792,0.9335939884185792,2.5
22041.755859375,8946,0.0,2.910161986131788,0.622410890332176,0.90625,0.90625,3.0
9102.721157312391,6541,0.0,1.2278547661141666,0.9307386378976684,0.7460939884185791,0.7460939884185791,2.5
71322.96316763242,25989,0.0,1.4142282039997596,0.3479182657597056,0.8554689884185791,0.8554689884185791,3.75
42381.24912372394,20377,0.0,1.7505119935740348,0.5844303796011655,0.9121090173721312,0.9121090173721312,2.5
5545.21482372744,1824,0.0,1.2550109020450329,0.8757157043098098,0.9003909826278687,0.9003909826278687,3.75
19976.93480591024,14059,0.0,1.64661577604003,0.6420602648590453,0.7539060115814209,0.7539060115814209,2.5
37213.46855163574,15927,0.0,3.044733035273397,0.5354458352838062,0.68359375,0.68359375,5.0
30304.69376918524,16561,0.0,3.173513550418674,0.7846719662008277,0.781000018119812,0.781000018119812,3.0
45903.50412809234,12471,0.0,1.8005839379948838,0.3253082248939298,0.8579999804496765,0.8579999804496765,5.0
17712.59307861328,6191,0.0,1.3272013861353529,0.5559702378971004,0.9765625,0.9765625,3.0
28585.293915877464,8496,0.0,1.7323642035163924,0.4413632792681188,0.8203120231628418,0.8203120231628418,5.0
133513.08182001504,37333,0.0,2.4454296040564807,0.4384732914686122,0.9765620231628418,0.9765620231628418,3.75
18515.80214124445,7827,0.0,5.771874856693359,0.6091940611203777,0.8880000114440918,0.8880000114440918,3.0
1222.650131225586,958,0.0,2.363545301526907,0.6417917699104907,0.798828125,0.798828125,2.0
5386.962890625,2942,0.0,1.170619164101443,0.9223079670209218,0.78125,0.78125,3.0
6601.18472442309,2125,0.0,1.9115551287784367,0.7291226241945803,0.9101560115814208,0.9101560115814208,3.75
2675.965881347656,2248,0.0,1.1831292268603226,0.8877177124198946,0.771484375,0.771484375,2.0
4827.774139404297,4247,0.0,1.0688966465993202,0.7317179497848668,0.75390625,0.75390625,2.0
18964.37983833669,12398,0.0,2.1503176108894704,0.6105563460953334,0.6386719942092896,0.6386719942092896,3.75
39889.44314523832,20473,0.0,1.1435671938671357,0.523088024256233,0.8828120231628418,0.8828120231628418,2.5
4164.478495865879,2270,0.0,2.0217139047675543,0.7287757988922999,0.7820000052452087,0.7820000052452087,3.0
6765.957945996148,3488,0.0,4.019567091744889,0.6072240457339149,0.8808590173721313,0.8808590173721313,2.5
8539.931740116579,3610,0.0,1.872922722983056,0.6523203246609642,0.8880000114440918,0.8880000114440918,3.0
70421.22063965489,38484,0.0,2.0337042054553147,0.496014064527631,0.781000018119812,0.781000018119812,3.0
9808.59375,2976,0.0,1.2543515931892082,0.4518470675065181,0.9375,0.9375,3.75
3429.8241277280285,1717,0.0,5.850459965043842,0.5977548596398412,0.8159999847412109,0.8159999847412109,3.0
17238.880157470703,16505,0.0,1.3523865496249596,0.7866318145289846,0.72265625,0.72265625,2.0
66611.02615870484,35338,0.0,1.3338483475053782,0.4292910230386441,0.7089840173721313,0.7089840173721313,3.75
2570.6574381665414,941,0.0,1.3924207456407007,0.8472530531041472,0.8535159826278687,0.8535159826278687,3.75
8850.363655090332,5185,0.0,1.258436855905269,0.852321137900418,0.923828125,0.923828125,2.0
5553.472691775933,2752,0.0,1.244764679773802,0.9023223022908632,0.8984379768371582,0.8984379768371582,2.5
46465.96666960032,14276,0.0,1.2636925736565907,0.5125239390524137,0.9316409826278688,0.9316409826278688,3.75
2972.992660249762,838,0.0,1.0943481758415496,0.8419612851085566,0.9726560115814208,0.9726560115814208,3.75
2715.101623535156,1643,0.0,1.5716883281805638,0.8500833409692974,0.7421875,0.7421875,3.0
3385.655102764152,1859,0.0,1.9942160242142517,0.9319110725382624,0.8535159826278687,0.8535159826278687,2.5
8289.932670593262,9455,0.0,1.7502515706311712,0.829363878034063,0.662109375,0.662109375,2.0
28583.31527709961,24012,0.0,1.1243220057003909,0.8186586620610369,0.771484375,0.771484375,2.0
90436.8471075065,25288,0.0,1.336150195101609,0.6677326210369962,0.9765620231628418,0.9765620231628418,3.75
116922.7411947492,32694,0.0,1.5935014299759658,0.3732584831707061,0.9765620231628418,0.9765620231628418,3.75
540.0175543037599,151,0.0,1.562539207623457,0.9045564264679536,0.9765620231628418,0.9765620231628418,3.75
11723.624588012695,8967,0.0,2.45873596376941,0.6389934261010737,0.66015625,0.66015625,3.0
10427.048096062004,6330,0.0,4.52180387947959,0.724686866929606,0.7409999966621399,0.7409999966621399,3.0
17139.071456200538,6510,0.0,1.2202705629982833,0.6829578062752838,0.8378909826278687,0.8378909826278687,3.75
22118.76060445541,4912,0.0,1.382948089008662,0.4363179471064246,0.9490000009536744,0.9490000009536744,5.0
6558.837890625,2985,0.0,3.795800732379828,0.6828496644921569,0.9375,0.9375,2.5
11271.1005859375,9614,0.0,1.4052962710488863,0.7068348510790636,0.765625,0.765625,2.0
6995.704147338867,3129,0.0,1.6775699943252245,0.8937031950297908,0.86328125,0.86328125,3.0
8775.904833027349,5292,0.0,1.1205147636959991,0.8579017631510555,0.8144530057907104,0.8144530057907104,2.5
14988.995727539062,14197,0.0,1.0986990322582952,0.52922234104705,0.7265625,0.7265625,2.0
7746.633316040039,3403,0.0,3.015936191714883,0.6694151300982131,0.87109375,0.87109375,3.0
66014.88291194118,18987,0.0,2.227659494224364,0.2942818825247459,0.9628909826278688,0.9628909826278688,3.75
15638.289916992188,8714,0.0,6.924499795753375,0.7003775034422377,0.7734375,0.7734375,3.0
121029.6630859375,39659,0.0,1.3811858524519662,0.4743947290598114,0.78125,0.78125,5.0
22461.58839919528,6901,0.0,2.631900759426137,0.7240596960415698,0.9316409826278688,0.9316409826278688,3.75
12062.923115962518,7038,0.0,4.052813528663513,0.6154977632839266,0.755859375,0.755859375,3.000000238418579
5975.201084156462,3257,0.0,2.898480294676878,0.6328497726187415,0.7820000052452087,0.7820000052452087,3.0
14899.550843364816,7818,0.0,1.3796646735262212,0.3900405743233511,0.7128909826278687,0.7128909826278687,3.75
50182.29352311496,14032,0.0,4.123453352897436,0.6870398181242154,0.9765620231628418,0.9765620231628418,3.75
5650.678966200351,3088,0.0,1.1826624584681444,0.4803345723973952,0.781000018119812,0.781000018119812,3.0
8598.900956374062,2653,0.0,1.922277759108701,0.4517216707020904,0.9296879768371582,0.9296879768371582,3.75
11002.83447265625,13405,0.0,5.957884993914832,0.6062475483261495,0.640625,0.640625,2.0
7351.894388244393,2716,0.0,2.944687947458573,0.4713209589943548,0.8496090173721313,0.8496090173721313,3.75
10238.477025018232,8471,0.0,1.996287354792181,0.5529278458084019,0.6953129768371582,0.6953129768371582,2.5
6836.238514875572,4546,0.0,1.710925127653539,0.7346838634024826,0.7080000042915344,0.7080000042915344,3.0
13644.166940272358,4547,0.0,3.197900532863016,0.4284027716615988,0.8945310115814209,0.8945310115814209,3.75
13616.160034811144,7441,0.0,3.792856042754696,0.5466252420760354,0.781000018119812,0.781000018119812,3.0
4032.28125,1888,0.0,4.0691100524844845,0.7298283301553394,0.84375,0.84375,3.0
224386.2345011974,62743,0.0,1.6200059596461691,0.3579428395116941,0.9765620231628418,0.9765620231628418,3.75
27754.87935657779,9290,0.0,1.3306553337689508,0.6436577280993626,0.8925780057907104,0.8925780057907104,3.75
10202.426667339934,3445,0.0,2.8623618483016537,0.666479318205429,0.8886719942092896,0.8886719942092896,3.75
5093.808174133301,4214,0.0,1.8070430981220016,0.9164750372924474,0.634765625,0.634765625,3.0
12917.5595703125,9418,0.0,1.2201006822162508,0.7725011514616961,0.828125,0.828125,2.0
10504.900250857663,7640,0.0,1.2624847994398978,0.7713636328281189,0.6769999861717224,0.6769999861717224,3.0
16859.69952392578,11119,0.0,2.7291476098878107,0.815235763891132,0.7109375,0.7109375,3.0
5051.0302734375,2838,0.0,6.664896750912238,0.6379796450772696,0.84375,0.84375,2.5
5577.022030921988,2358,0.0,1.3916329716736864,0.8504874938646495,0.9726560115814208,0.9726560115814208,2.5
28018.02062988281,22669,0.0,1.422276929242606,0.6508444242242366,0.703125,0.703125,2.5
5796.241638183594,4894,0.0,1.1374001307871306,0.6842204331524516,0.76953125,0.76953125,2.0
125215.49510411636,45419,0.0,1.5370935608564122,0.4652019739290259,0.8574219942092896,0.8574219942092896,3.75
4044.79541015625,1966,0.0,1.4911820760772363,0.7738439092099849,0.828125,0.828125,3.0
14153.392309177609,4853,0.0,3.189669040630626,0.7489013134504175,1.0800780057907104,1.0800780057907104,2.5
14720.078041483892,7369,0.0,1.902564522968408,0.3602924841238576,0.8159999847412109,0.8159999847412109,3.0
4997.019729614258,1873,0.0,1.2167449306218958,0.9320950103707312,0.73046875,0.73046875,5.0
90823.41552734376,38711,0.0,2.212428016070819,0.5520493571544033,0.96875,0.96875,2.5
13707.575801530858,4375,0.0,2.0223505735182807,0.7014479419011937,0.9140620231628418,0.9140620231628418,3.75
3487.60519158002,1761,0.0,1.3926474527348305,0.9944754001627958,0.8125,0.8125,2.999999761581421
12685.775756835938,6651,0.0,7.54654421458787,0.6021421845372495,0.9765625,0.9765625,2.0
35685.33125932611,9933,0.0,2.166224159261675,0.509676790136929,0.8476560115814209,0.8476560115814209,5.0
1313.4161682128906,494,0.0,14.373493110847738,0.7526137459906829,0.94140625,0.94140625,3.0
6330.234375,3001,0.0,7.954073197002816,0.7607603923392314,0.75,0.75,3.75
29070.47528701407,8818,0.0,2.1232639444084187,0.5204593360132787,0.8119999766349792,0.8119999766349792,5.0
2546.201477050781,1259,0.0,1.8771910026116307,0.906180723415542,0.734375,0.734375,3.75
77713.7924194336,24385,0.0,1.5204115072444444,0.3516889259284568,0.921875,0.921875,3.75
2976.010986328125,1532,0.0,1.0787436809055386,0.950666528125058,0.8046875,0.8046875,3.0
19285.326314076112,6129,0.0,1.6343539827334403,0.7594042555630617,0.9160159826278688,0.9160159826278688,3.75
90184.21173095705,18913,0.0,1.2069799813403397,0.4457405260655774,0.9765625,0.9765625,5.0
7359.974349385019,2058,0.0,1.607188764005918,0.5562888667973503,0.9765620231628418,0.9765620231628418,3.75
3402.901874031013,1368,0.0,1.5415548342126728,0.8419902893205489,0.8144530057907104,0.8144530057907104,3.75
2183.3133151044044,1097,0.0,1.3006056536420294,0.8365708200355207,0.7285159826278687,0.7285159826278687,3.75
23606.992556020658,6601,0.0,1.2617954635008164,0.4423772164136669,0.9765620231628418,0.9765620231628418,3.75
54345.0778490062,15196,0.0,2.1936014028977624,0.3296566974961359,0.9765620231628418,0.9765620231628418,3.75
6190.58056640625,2744,0.0,1.2863331780534508,0.9248865488246674,0.8671875,0.8671875,3.0
12269.7998046875,13912,0.0,2.084963595898429,0.5493735875750996,0.6640625,0.6640625,2.0
4168.974609375,2690,0.0,1.349548336545188,0.818564363640689,0.71875,0.71875,3.0
4749.573669433594,2445,0.0,1.2248161541733538,0.6870647887969066,0.8046875,0.8046875,3.0
31623.134765625,19161,0.0,1.3582721949189027,0.7299682633339899,0.8125,0.8125,2.5
9857.388610839844,3833,0.0,1.4244092151997094,0.8328411471694794,0.828125,0.828125,3.75
20072.976787960124,7696,0.0,1.325035532020299,0.3550825554715257,0.8339840173721313,0.8339840173721313,3.75
5168.6887130737305,3647,0.0,1.550522796393344,0.890259114483886,0.841796875,0.841796875,2.0
17068.47795734799,7098,0.0,1.5044460359277372,0.4821039579228321,0.8007810115814209,0.8007810115814209,3.75
9132.792949676514,3537,0.0,1.5627925544549617,0.9493216637880368,0.927734375,0.927734375,3.0
8456.184927563894,2452,0.0,2.700647680588733,0.7361958707336271,0.9589840173721312,0.9589840173721312,3.75
16407.039942528696,9615,0.0,1.3080393991864807,0.8260585149340929,0.8261719942092896,0.8261719942092896,2.5
5739.2120361328125,2006,0.0,3.612039618833713,0.6343063518300267,0.9765625,0.9765625,3.0
5451.704360961914,3116,0.0,2.9271893714434727,0.6176167612460499,0.763671875,0.763671875,3.0
201003.71122221297,90515,0.0,1.1383321009694394,0.3901736563764247,0.7695310115814209,0.7695310115814209,3.75
13258.658787551823,8049,0.0,1.6644038019536442,0.538021001551575,0.7409999966621399,0.7409999966621399,3.0
19264.57763671875,5474,0.0,1.2377637047581471,0.9072404230453326,0.96875,0.96875,3.75
40332.24609375,12219,0.0,1.795601910659922,0.492473881212052,0.8125,0.8125,5.0
5915.58837890625,2670,0.0,2.06389130112024,0.8555724782847934,0.859375,0.859375,3.0
4214.35546875,1918,0.0,1.4482759088854995,0.7565219389917519,0.9375,0.9375,2.5
52160.89784293133,14171,0.0,2.812585069670032,0.412492244426361,0.8579999804496765,0.8579999804496765,5.0
4407.023071289063,2558,0.0,1.1584304348825518,0.8479367775689842,0.7578125,0.7578125,3.0
20108.10662841797,8913,0.0,2.2475104450641763,0.5933540310446288,0.8671875,0.8671875,3.0
12722.057418823242,4785,0.0,1.6137517893760698,0.7038289579489314,0.94140625,0.94140625,3.0
15850.281400752308,7633,0.0,2.421993876442294,0.6087787494830434,0.7441409826278687,0.7441409826278687,3.75
6847.784845488056,4013,0.0,2.5470339433335765,0.733228406449677,0.8261719942092896,0.8261719942092896,2.5
688.9336416521412,258,0.0,2.1127761846283826,0.931882143719439,0.9765620231628418,0.9765620231628418,2.799999952316284
5558.336181640625,3242,0.0,1.6389664643501698,0.9406865791024356,0.828125,0.828125,2.5
13030.732507388038,5143,0.0,3.146627468348055,0.6263426359849339,0.9190000295639038,0.9190000295639038,3.0
85384.39616200839,36570,0.0,1.3443319668447309,0.4716250747005598,0.7890620231628418,0.7890620231628418,3.75
1863.9408116407676,1305,0.0,4.348565883933492,0.6639963203365778,0.7558590173721313,0.7558590173721313,2.5
8084.317315850012,3773,0.0,2.014252673005237,0.6441595114490836,0.9257810115814208,0.9257810115814208,2.5
1170.0495910644531,785,0.0,1.0339748597625202,0.6796666228980024,0.86328125,0.86328125,2.0
5012.560403841497,3043,0.0,1.4271775446503463,0.8906264190835061,0.7409999966621399,0.7409999966621399,3.0
10073.548815968285,3493,0.0,1.7349029680287666,0.9075261347178682,0.8769530057907104,0.8769530057907104,3.75
5902.9541015625,9552,0.0,2.518020348729719,0.4156549934430357,0.703125,0.703125,1.25
55300.116061843095,18086,0.0,1.5825178543116127,0.354088879438959,0.7820000052452087,0.7820000052452087,5.0
23565.835915041305,8319,0.0,1.5183949829847423,0.7296884952208874,0.8691409826278687,0.8691409826278687,3.75
23251.053955078125,12956,0.0,1.449424756910559,0.7261082654553305,0.7734375,0.7734375,3.0
4938.028993271624,1172,0.0,1.5364951891205068,0.8934364227358879,0.9179689884185792,0.9179689884185792,5.0
1368.298828125,961,0.0,1.3825784659199218,0.8354812144298746,0.84375,0.84375,2.0
11650.174559415116,4312,0.0,2.191748536239354,0.8049807501612707,0.9490000009536744,0.9490000009536744,3.0
6857.617319455158,3027,0.0,1.894026629384599,0.6829187042677113,0.8690000176429749,0.8690000176429749,3.0
1729.7666015625,908,0.0,1.703062832527769,0.7433284215262157,0.796875,0.796875,3.0
217198.7092119129,75989,0.0,2.503034156245736,0.6445630878513007,0.8730469942092896,0.8730469942092896,3.75
5270.203881856392,3972,0.0,1.6538504001156966,0.7019078096155066,0.7285159826278687,0.7285159826278687,2.5
7495.656921989401,2670,0.0,1.297358867105361,0.3695610466683282,0.8652340173721313,0.8652340173721313,3.75
6009.7503662109375,2170,0.0,1.504009348424164,0.9455408013509818,0.859375,0.859375,3.75
6976.235046386719,2189,0.0,1.5060292627450214,0.8722511598558333,0.921875,0.921875,3.75
27192.02787709719,11940,0.0,1.8871550417201932,0.3595163918957377,0.7792969942092896,0.7792969942092896,3.75
11899.729701166088,6503,0.0,1.324167143314329,0.8558814747648705,0.781000018119812,0.781000018119812,3.0
21328.125,11648,0.0,1.4050080702582408,0.8361767159470191,0.78125,0.78125,3.0
63738.7689635771,24939,0.0,2.79809144400053,0.344747299622312,0.9229999780654908,0.9229999780654908,3.0
2811.104736328125,1520,0.0,1.0660519483389583,0.9103828326483482,0.78515625,0.78515625,3.0
15923.97689819336,6679,0.0,1.2140839993775123,0.7490541050552613,0.9765625,0.9765625,2.5
6059.260465205616,2816,0.0,1.0708921157882618,0.7811558182256891,0.9277340173721312,0.9277340173721312,2.5
2681.9851168252376,856,0.0,1.7087471138022174,0.8533124638577299,0.9140620231628418,0.9140620231628418,3.75
6929.354095458984,3602,0.0,3.0998875154490424,0.7050180941627862,0.80078125,0.80078125,3.0
12408.210585278328,6976,0.0,1.6580159488514623,0.7903254220655663,0.7699999809265137,0.7699999809265137,3.0
21806.41387939453,7331,0.0,1.4416369248288623,0.366505882084752,0.890625,0.890625,3.75
5777.1826171875,2705,0.0,2.0031481530900197,0.7160658241529841,0.84375,0.84375,3.0
13186.16151670091,4552,0.0,3.586736492465844,0.6926322446950871,0.8789060115814209,0.8789060115814209,3.75
2072.792724609375,813,0.0,6.058854214079711,0.6253027031793468,0.921875,0.921875,3.0
9293.251061241715,4169,0.0,1.8999685347929112,0.8569891398432642,0.8619999885559082,0.8619999885559082,3.0
20787.687735732787,13355,0.0,3.658863617784628,0.7116501675572546,0.7890620231628418,0.7890620231628418,2.5
1978.5425845674577,893,0.0,1.0479155698349545,0.9030735160461252,0.9414060115814208,0.9414060115814208,2.5
17248.817962646484,8002,0.0,1.3662487092629465,0.8554368588013211,0.84765625,0.84765625,3.0
2661.983871459961,1053,0.0,1.7616387554483297,0.737706142086634,0.91796875,0.91796875,3.0
2148.004852648476,1304,0.0,1.1410286294196488,0.6812804392129735,0.7409999966621399,0.7409999966621399,3.0
33869.58201599121,15149,0.0,1.3544130734864406,0.4535916148242399,0.86328125,0.86328125,3.0
39386.39831542969,31867,0.0,2.2474060614685523,0.7308678877347153,0.703125,0.703125,2.5
3797.6812591552734,1477,0.0,1.1823370129062285,0.9378317298707473,0.92578125,0.92578125,3.0
1014.190695378274,686,0.0,9.333029471019891,0.6184183113686732,0.7020000219345093,0.7020000219345093,3.0
41641.98827661244,17317,0.0,1.4405988875746671,0.4174859179132132,0.8007810115814209,0.8007810115814209,3.75
9151.776219718757,2800,0.0,5.216362738791946,0.7736131609594866,0.9335939884185792,0.9335939884185792,3.75
5258.330749511719,4377,0.0,1.3649039200520436,0.8189604806658491,0.6328125,0.6328125,3.0
38127.844012631285,14112,0.0,4.2608080894682905,0.6662410349800305,0.9490000009536744,0.9490000009536744,3.0
2479.8342956772863,1065,0.0,1.295939171214752,0.8838787706519688,0.8809999823570251,0.8809999823570251,3.0
18992.57570008945,9292,0.0,2.207852427333882,0.4657172011023943,0.7382810115814209,0.7382810115814209,3.75
4151.35107421875,3932,0.0,1.739154045455775,0.9137193395776698,0.7265625,0.7265625,2.0
18103.980937494853,6222,0.0,2.561432250456118,0.4327274018548776,0.8808590173721313,0.8808590173721313,3.75
4533.369695368195,3268,0.0,2.2713302838195246,0.762478047085706,0.6800000071525574,0.6800000071525574,3.0
28692.355660152967,7461,0.0,1.240275733266082,0.4099994003893177,0.8769999742507935,0.8769999742507935,5.0
4296.725324057107,1824,0.0,1.3453002901235347,0.9242404726751436,0.9707030057907104,0.9707030057907104,2.5
3979.604982253775,2321,0.0,1.6922201165766635,0.7643132069136072,0.7559999823570251,0.7559999823570251,3.0
16149.339446152708,7818,0.0,1.3969962280641752,0.4624137450477344,0.7421879768371582,0.7421879768371582,3.75
1040.657684326172,474,0.0,1.2076497544679066,0.8595874187424872,0.85546875,0.85546875,3.0
1973.1108003005363,1249,0.0,1.292518081913161,0.810557490644701,0.7949219942092896,0.7949219942092896,2.5
13934.89899959066,8205,0.0,1.6863834744484842,0.4999633087185485,0.8242189884185791,0.8242189884185791,2.5
4235.572814941406,876,0.0,1.1257517766214855,0.7384451894487608,1.26953125,1.26953125,3.0
1932.7799377441409,1182,0.0,1.2071387199393753,0.92560459909944,0.73828125,0.73828125,3.0
1695.5214233398438,2254,0.0,1.4263562067034596,0.8564038996083854,0.61328125,0.61328125,2.0
2534.315185546875,1278,0.0,1.1161075272507703,0.95545601525531,0.890625,0.890625,2.5
448.66330608320624,157,0.0,1.0465337729303934,0.956535914592784,0.9760000109672546,0.9760000109672546,3.0
27219.96323206431,12705,0.0,1.581710292313325,0.4104084385016672,0.7558590173721313,0.7558590173721313,3.75
11871.685442251348,5839,0.0,1.7136221921102124,0.3212333117116007,0.7363280057907104,0.7363280057907104,3.75
37951.171875,19431,0.0,1.4677696531770277,0.4263116677130907,0.625,0.625,5.0
7323.039298904887,3281,0.0,8.358104668600802,0.7054668435248043,0.7714840173721313,0.7714840173721313,3.75
8554.450264202607,2392,0.0,3.798735856398044,0.5440011613857387,0.9765620231628418,0.9765620231628418,3.75
18274.766241670288,5110,0.0,2.117199614121474,0.9054440411575786,0.9765620231628418,0.9765620231628418,3.75
2640.853064953391,1207,0.0,1.1381243952291926,0.904178572357366,0.8539999723434448,0.8539999723434448,3.0
8247.159450023411,2621,0.0,1.7994121393944165,0.5712534316934175,0.9160159826278688,0.9160159826278688,3.75
17998.828125,15359,0.0,3.0423869799187244,0.7069260070194795,0.625,0.625,3.0
104482.64700504918,29971,0.0,1.5663078548071,0.3653841660404758,0.8349999785423279,0.8349999785423279,5.0
9180.509033203123,6330,0.0,1.2746249710727071,0.7968797887179028,0.8515625,0.8515625,2.0
30163.704483032227,13739,0.0,1.0752380756489108,0.9666143894619889,0.85546875,0.85546875,3.0
8310.699462890625,3631,0.0,1.4092082038563545,0.8613959784421341,0.78125,0.78125,3.75
13614.791684778402,4254,0.0,1.3797468628680651,0.6455453183674931,0.9238280057907104,0.9238280057907104,3.75
4999.382459960218,3035,0.0,6.98683685441696,0.7281459827196137,0.7409999966621399,0.7409999966621399,3.0
5537.683309799305,2695,0.0,4.355746822810542,0.6832273537170264,0.7402340173721313,0.7402340173721313,3.75
12389.8125,6256,0.0,1.8386812425927272,0.5372730308054864,0.8125,0.8125,3.0
5247.384452819824,2807,0.0,1.4138639347952966,0.3425236594565174,0.966796875,0.966796875,2.0
8674.14179070217,6038,0.0,3.229554834330626,0.6693465847082404,0.6919999718666077,0.6919999718666077,3.0
16384.932456076596,9423,0.0,1.8904192491494165,0.3976820047833062,0.8339840173721313,0.8339840173721313,2.5
1499.7778252427538,549,0.0,1.9852140595975605,0.8493214500044691,0.8535159826278687,0.8535159826278687,3.75
1523.9146728515625,824,0.0,1.2388791279112163,0.7435936962519961,0.78515625,0.78515625,3.0
3951.9635009765625,2365,0.0,1.131609647377419,0.9246509411867326,0.9140625,0.9140625,2.0
53018.5688931542,22048,0.0,1.47602430205036,0.373561821613714,0.8007810115814209,0.8007810115814209,3.75
5029.032833693095,3053,0.0,4.961485308723377,0.7014654578596691,0.7409999966621399,0.7409999966621399,3.0
4838.818359375,2184,0.0,3.0116191181424274,0.5816481631849278,0.859375,0.859375,3.0
15603.486899963134,4754,0.0,1.3527335852408764,0.3617579520052656,0.9355469942092896,0.9355469942092896,3.75
6331.715338273778,2405,0.0,2.119244365327567,0.5037369051586158,0.8378909826278687,0.8378909826278687,3.75
6321.605136094583,2035,0.0,1.4473713197536788,0.9455044818243504,0.9101560115814208,0.9101560115814208,3.75
24476.358686611045,10911,0.0,3.548375645793919,0.6212652961174342,0.7734379768371582,0.7734379768371582,3.75
10503.556969473371,3292,0.0,1.2144852434517617,0.4187593112568824,0.7988280057907104,0.7988280057907104,5.0
6349.401546038891,2423,0.0,3.4981362407005245,0.7195149260631861,0.8359379768371582,0.8359379768371582,3.75
5364.2453956604,3498,0.0,1.318992504693163,0.8787415045757603,0.783203125,0.783203125,2.5
6970.445888404049,2417,0.0,2.365102249270537,0.6846367337009194,0.8769530057907104,0.8769530057907104,3.75
20510.747044253043,12553,0.0,1.3533213570535074,0.758832748609859,0.7379999756813049,0.7379999756813049,3.0
24127.44511936037,11498,0.0,2.007752169863092,0.3692806170349241,0.7480469942092896,0.7480469942092896,3.75
20527.73794825236,7055,0.0,1.423150779710097,0.3778987831738112,0.8808590173721313,0.8808590173721313,3.75
2426.4610290527344,2091,0.0,1.39182679026639,0.9089536944387766,0.76171875,0.76171875,2.0
1607.9854220158268,1120,0.0,1.4369657727172795,0.96755428086064,0.7578129768371582,0.7578129768371582,2.5
6654.7393798828125,2326,0.0,1.2984288861150806,0.8088792864081817,0.9765625,0.9765625,3.0
1321.0888740982189,802,0.0,2.0140085203453983,0.8296412487832624,0.7409999966621399,0.7409999966621399,3.0
5442.794408323673,2020,0.0,2.875817601033804,0.7011183341092055,0.8476560115814209,0.8476560115814209,3.75
43851.31202042074,24753,0.0,3.063739683771208,0.5697922700656598,0.8417969942092896,0.8417969942092896,2.5
39172.206764694194,12610,0.0,1.626614125707455,0.4151690968148667,0.9101560115814208,0.9101560115814208,3.75
2484.745947237131,1470,0.0,1.2662590713382642,0.9195435141861013,0.8222659826278687,0.8222659826278687,2.5
10025.491460694528,4205,0.0,1.2612910003258098,0.7854563385967733,0.9765620231628418,0.9765620231628418,2.5
45632.171630859375,19937,0.0,1.3741865738260126,0.364566732823076,0.78125,0.78125,3.75
4019.34814453125,3252,0.0,1.8809491371959688,0.9166608691664244,0.703125,0.703125,2.5
9294.739229373989,2599,0.0,1.5189048911013867,0.4759903821955507,0.9765620231628418,0.9765620231628418,3.75
10441.778503901372,4999,0.0,2.5658179003395327,0.7219144282679403,0.9140620231628418,0.9140620231628418,2.5
21658.69188308716,6001,0.0,1.2263754812246874,0.479745291912696,0.849609375,0.849609375,5.0
9669.411828883269,5325,0.0,1.365486330778678,0.6088373305070326,0.777999997138977,0.777999997138977,3.0
1072.5680254866447,710,0.0,1.1364789226848089,0.8032555925127034,0.7773439884185791,0.7773439884185791,2.5
5754.982302040189,3145,0.0,1.3621460950821525,0.764564193318947,0.781000018119812,0.781000018119812,3.0
10501.174030394195,6375,0.0,4.416049267578323,0.6150819872190968,0.7409999966621399,0.7409999966621399,3.0
20142.410170887284,8891,0.0,1.6917957009015192,0.8086403830682538,0.8690000176429749,0.8690000176429749,3.0
15484.576933754875,6835,0.0,1.349092061455143,0.4452338809428999,0.8690000176429749,0.8690000176429749,3.0
36205.85735729189,15812,0.0,2.660468197517152,0.5977373410861803,0.9570310115814208,0.9570310115814208,2.5
105287.30725097656,91669,0.0,1.0899178234591318,0.5301938193234638,0.7578125,0.7578125,2.0
7330.23128396144,4450,0.0,1.4937759640907096,0.6914968711849325,0.7409999966621399,0.7409999966621399,3.0
113404.1046142578,102937,0.0,1.1121093426392008,0.6693905960263712,0.7421875,0.7421875,2.0
5260.451739601876,2322,0.0,1.6663203182930353,0.7066478025142934,0.8690000176429749,0.8690000176429749,3.0
6025.401763916016,3765,0.0,1.5974424327405328,0.8054478002088268,0.89453125,0.89453125,2.0
25248.19385077172,15369,0.0,1.827322523537824,0.5950159759107004,0.7400000095367432,0.7400000095367432,3.0
22264.973695084143,7292,0.0,3.336587716374372,0.488368802837026,0.9023439884185792,0.9023439884185792,3.75
8534.19508097253,4035,0.0,1.8110658914622884,0.595516285978185,0.6503909826278687,0.6503909826278687,5.0
5489.349365234375,2878,0.0,1.460394769731846,0.7658286780987223,0.9765625,0.9765625,2.0
1554.1996536254885,1318,0.0,1.2020091184889083,0.6618265554226302,0.626953125,0.626953125,3.0
971.6679180869128,531,0.0,1.7429504425530822,0.8111628736763052,0.781000018119812,0.781000018119812,3.0
27429.080968349568,7944,0.0,1.2441567729617062,0.3871086564981468,0.8309999704360962,0.8309999704360962,5.0
25459.28770591298,7822,0.0,1.8010070827369729,0.3402843392024577,0.9316409826278688,0.9316409826278688,3.75
12264.890100280403,5051,0.0,2.621813466702139,0.4896164877323862,0.8046879768371582,0.8046879768371582,3.75
12733.94056489251,4792,0.0,1.3206090863934017,0.5560462249736251,0.8417969942092896,0.8417969942092896,3.75
14014.109893798828,13078,0.0,2.7590651825473893,0.596497322214634,0.59765625,0.59765625,3.0
4961.612548828125,3580,0.0,2.509348527000189,0.6581667950230209,0.6796875,0.6796875,3.0
5116.0009765625,2984,0.0,8.522559882173853,0.7225636387027826,0.828125,0.828125,2.5
2014.1407012939453,2218,0.0,1.265358711933776,0.8734576504071512,0.673828125,0.673828125,2.0
16889.01772202778,7883,0.0,2.3030302692798177,0.556781229134951,0.7558590173721313,0.7558590173721313,3.75
970.9036627785453,760,0.0,1.1682227807280232,0.8181098380789777,0.7148439884185791,0.7148439884185791,2.5
10947.974192510714,7665,0.0,1.4753186162201228,0.8743299976016012,0.7558590173721313,0.7558590173721313,2.5
18095.75187225434,6388,0.0,2.5106106350649973,0.7574060156429551,0.8691409826278687,0.8691409826278687,3.75
25068.9750242968,9982,0.0,1.818038683835404,0.3650510870708606,0.8183590173721313,0.8183590173721313,3.75
698.089599609375,366,0.0,1.479944329636516,0.9366648651261352,0.9765625,0.9765625,2.0
40552.57690429688,20933,0.0,1.7514863010254258,0.948914737307518,0.71875,0.71875,3.75
9998.321533203123,5242,0.0,2.056138688814404,0.5171152957630043,0.9765625,0.9765625,2.0
21702.346435546875,11172,0.0,2.2089975498128114,0.5093912124073622,0.8046875,0.8046875,3.0
69507.39440917969,32715,0.0,1.2794996796010851,0.743231255874775,0.921875,0.921875,2.5
2956.0107704347656,1774,0.0,6.206776823042918,0.6250579319144863,0.8164060115814209,0.8164060115814209,2.5
96586.7259979248,55489,0.0,2.838246984573143,0.6361535610593433,0.76171875,0.76171875,3.0
13748.3173828125,8871,0.0,7.244937391535115,0.7245137043901253,0.71875,0.71875,3.0
140785.21728515625,61510,0.0,2.431807562375377,0.5131545596456385,0.78125,0.78125,3.75
22014.28001403809,12312,0.0,1.854393444697973,0.5854182590415493,0.845703125,0.845703125,2.5
63401.97155961517,18920,0.0,1.2153892256043173,0.316306613084778,0.9453120231628418,0.9453120231628418,3.75
3295.2066354104886,1598,0.0,1.2472217750884018,0.8340714935528049,0.9082030057907104,0.9082030057907104,2.5
856.6910602385882,330,0.0,1.5115544996147898,0.8598712455340893,0.8320310115814209,0.8320310115814209,3.75
51442.29821777344,33003,0.0,1.454459008185516,0.7317862455755838,0.8828125,0.8828125,2.0
68631.33944067954,37410,0.0,1.1026148919521936,0.3352778658487945,0.7820000052452087,0.7820000052452087,3.0
9492.1875,7776,0.0,2.398159743493626,0.6539774579565103,0.78125,0.78125,2.0
923.6781327812928,727,0.0,3.611526942068327,0.5964228357236173,0.7128909826278687,0.7128909826278687,2.5
8851.686397202511,3810,0.0,1.18456250412546,0.9569294358516496,0.7871090173721313,0.7871090173721313,3.75
9323.11944580078,6727,0.0,5.708450013067036,0.6598749996290497,0.6796875,0.6796875,3.0
25401.03865814209,10354,0.0,1.38644373810396,0.907350357041448,0.904296875,0.904296875,3.0
5093.3990478515625,4121,0.0,1.0647958932250572,0.8590276200100024,0.703125,0.703125,2.5
14701.643642551877,8925,0.0,6.48433797324369,0.6494144655560731,0.7409999966621399,0.7409999966621399,3.0
17091.06591796875,10792,0.0,2.7031482950812937,0.4728082264395648,0.7265625,0.7265625,3.0
11258.75518798828,3921,0.0,2.4110173184370085,0.58148140079923,0.7578125,0.7578125,5.0
5558.671257713136,2649,0.0,4.239671999938823,0.7768872725474248,0.7480469942092896,0.7480469942092896,3.75
1373.862535692837,400,0.0,1.1050621572824018,0.971103326505292,0.9570310115814208,0.9570310115814208,3.75
41913.28682747155,10999,0.0,1.2215842262319991,0.476950954194949,0.8730000257492065,0.8730000257492065,5.0
17962.93670654297,12385,0.0,2.22851314061556,0.7115208374631464,0.6953125,0.6953125,3.0
16848.00048828125,7181,0.0,1.8640501603596125,0.6348884044885313,0.96875,0.96875,2.5
6804.761352539063,2646,0.0,1.5595203703327274,0.880288138196084,0.828125,0.828125,3.75
5506.2103271484375,3564,0.0,2.042707489806095,0.7104662317984394,0.87890625,0.87890625,2.0
21030.596492519948,11157,0.0,3.116039404392064,0.4481598100218337,0.7089840173721313,0.7089840173721313,3.75
5728.626892089844,2949,0.0,1.7813653416597957,0.8525074218346165,0.8046875,0.8046875,3.0
4658.473119407524,1820,0.0,1.0890659576165993,0.7280624619045246,0.8261719942092896,0.8261719942092896,3.75
13343.186522778522,8530,0.0,1.7792006573466534,0.5893489412672817,0.7910159826278687,0.7910159826278687,2.5
3239.916779543561,2021,0.0,1.4303087652772355,0.7974652192201114,0.8007810115814209,0.8007810115814209,2.5
2990.817104490304,2380,0.0,1.219428093202316,0.8049397438389846,0.7089840173721313,0.7089840173721313,2.5
1891.8274364441368,1265,0.0,1.426225612766445,0.9275925457249848,0.7734379768371582,0.7734379768371582,2.5
160043.3721963091,58052,0.0,1.5311125801521033,0.3691475280969384,0.8574219942092896,0.8574219942092896,3.75
19234.253639120183,12357,0.0,1.579320230295704,0.9057848301400314,0.7890620231628418,0.7890620231628418,2.5
4365.416656494141,2142,0.0,1.1245822454113603,0.8919320396303612,0.82421875,0.82421875,3.0
7887.191105126926,2454,0.0,1.6062864743564769,0.7990742116477598,0.9257810115814208,0.9257810115814208,3.75
61173.85555600846,39693,0.0,3.130450655082987,0.5681113227267526,0.7851560115814209,0.7851560115814209,2.5
6705.124820247998,2325,0.0,3.340637317188155,0.6784420565918909,0.8769530057907104,0.8769530057907104,3.75
929.5288804328042,436,0.0,1.6938934767431495,0.7081203829071107,0.8429999947547913,0.8429999947547913,3.0
4592.361524609326,2357,0.0,1.7466871833454265,0.855116768660041,0.8828120231628418,0.8828120231628418,2.5
22108.45042060865,10450,0.0,1.3459293503758645,0.924677908563709,0.9199219942092896,0.9199219942092896,2.5
3086.5200649309163,2225,0.0,1.078776056547436,0.8999398516926743,0.6800000071525574,0.6800000071525574,3.0
10247.039794921877,4477,0.0,1.5216667817280058,0.9742889703550692,0.78125,0.78125,3.75
3522.812458568229,1382,0.0,1.4567282371324384,0.860207266018143,1.0097659826278689,1.0097659826278689,2.5
41458.56921386719,29914,0.0,1.76512372908806,0.3937543981274108,0.6796875,0.6796875,3.0
5511.040074053603,1541,0.0,2.46438063326743,0.9669537144018578,0.9765620231628418,0.9765620231628418,3.75
4124.70703125,2600,0.0,1.2328340198307737,0.809476772442182,0.890625,0.890625,2.0
12737.01378318443,5271,0.0,1.1137041044182072,0.8753112803010825,0.8027340173721313,0.8027340173721313,3.75
6852.302243218414,2997,0.0,1.4777009953382805,0.911552455918304,0.8730000257492065,0.8730000257492065,3.0
30488.304842823527,6548,0.0,1.3586708058426142,0.396645433014593,0.9649999737739564,0.9649999737739564,5.0
3688.795776367188,3815,0.0,1.686992436064021,0.8535937199028736,0.6953125,0.6953125,2.0
22885.864712179384,15226,0.0,1.2035321732847284,0.9706281680973,0.7753909826278687,0.7753909826278687,2.5
64567.93989405132,21424,0.0,1.276473551702943,0.3549455989380958,0.8964840173721313,0.8964840173721313,3.75
2676.7709197998047,2313,0.0,1.0793978251190246,0.7144320356706779,0.62109375,0.62109375,3.0
16749.26266026145,12357,0.0,2.465239014020138,0.695742056571558,0.7363280057907104,0.7363280057907104,2.5
6764.664196001224,3028,0.0,1.5060876500846403,0.8989413913625867,0.9453120231628418,0.9453120231628418,2.5
55957.14054107666,73917,0.0,4.100821596255353,0.6928219949909594,0.615234375,0.615234375,2.0
4554.626853967052,2765,0.0,1.4231162111502498,0.9170675350176658,0.7409999966621399,0.7409999966621399,3.0
4493.42578125,4256,0.0,1.1823270017091867,0.7175000984398279,0.7265625,0.7265625,2.0
11469.70717621237,6268,0.0,2.6224955350435044,0.7004100115755446,0.781000018119812,0.781000018119812,3.0
1532.1600961890622,681,0.0,1.766671113953756,0.7794675992786798,0.8659999966621399,0.8659999966621399,3.0
39086.173095703125,12691,0.0,2.130826249704905,0.3325653518665911,0.90625,0.90625,3.75
8969.7109375,10928,0.0,5.59818597184492,0.6695926437771194,0.640625,0.640625,2.0
31343.75,16048,0.0,2.413377985856056,0.6099009255316973,0.625,0.625,5.0
2008.3267822265625,1437,0.0,1.2453320345775394,0.7629504430510842,0.8359375,0.8359375,2.0
22954.102615356445,11263,0.0,3.201992887289688,0.5618525329911364,0.82421875,0.82421875,3.0
5050.515767785405,2097,0.0,1.0395798921062815,0.9518199683393884,0.8960000276565552,0.8960000276565552,3.0
2142.0204447495494,829,0.0,1.5461161784087825,0.9223544616453572,0.8300780057907104,0.8300780057907104,3.75
1688.2816684828424,532,0.0,1.257007302168101,0.9143170204884682,0.9199219942092896,0.9199219942092896,3.75
26179.460749406637,8320,0.0,1.5348810424823724,0.3642371434189028,0.9160159826278688,0.9160159826278688,3.75
2024.0931129455569,1595,0.0,1.168512520871378,0.7766178338336454,0.650390625,0.650390625,3.0
408.20826276038576,161,0.0,2.237688972869964,0.8760430072613946,0.8222659826278687,0.8222659826278687,3.75
3240.10532582256,1359,0.0,1.2970610811684364,0.8182907027779239,0.9765620231628418,0.9765620231628418,2.5
7845.460996627808,3939,0.0,2.150008051205662,0.6383504753112399,0.892578125,0.892578125,2.5
10745.519591727318,8027,0.0,1.302966978239055,0.5690834926231345,0.6679999828338623,0.6679999828338623,3.0
24408.078199491138,6825,0.0,3.437997643320197,0.5717793791811508,0.9765620231628418,0.9765620231628418,3.75
68940.19240611981,25897,0.0,1.8977303038102085,0.6765663517078732,0.9419999718666076,0.9419999718666076,3.0
67293.6985977213,38520,0.0,1.4617436478912944,0.8093429182368548,0.8359379768371582,0.8359379768371582,2.5
83396.7111153221,24581,0.0,1.8460214018015089,0.324368192005032,0.9511719942092896,0.9511719942092896,3.75
21475.050354003903,21128,0.0,1.5155577191925933,0.4685198293060664,0.712890625,0.712890625,2.0
5478.074432373047,2282,0.0,1.830072228112328,0.8800640714733385,0.89453125,0.89453125,3.0
15691.729614257812,9636,0.0,6.269237669263755,0.6503230582741909,0.90234375,0.90234375,2.0
3418.0805466270613,3400,0.0,1.090221651006552,0.9080723011010564,0.708984375,0.708984375,2.000000238418579
4032.189562947732,1476,0.0,1.4648942976127686,0.67983522417481,0.8535159826278687,0.8535159826278687,3.75
14341.000982851525,7526,0.0,2.1210291781852075,0.3639910868030168,0.8730469942092896,0.8730469942092896,2.5
1994.32373046875,1307,0.0,1.341181030341178,0.8370489067709312,0.78125,0.78125,2.5
8296.712586463236,3051,0.0,2.9511774247430558,0.5815041807102045,0.8515620231628418,0.8515620231628418,3.75
25217.885760066914,15654,0.0,5.280156317280327,0.662275529848847,0.8027340173721313,0.8027340173721313,2.5
2765.621778695478,1768,0.0,1.1594650442075152,0.8266459725978952,0.7910159826278687,0.7910159826278687,2.5
1305.3876342773438,692,0.0,1.1096326893509845,0.8475816374802629,0.79296875,0.79296875,3.0
9162.762451171877,1974,0.0,1.2983229033468875,0.8123948664533854,1.5234375,1.5234375,2.0
6534.973265669662,3399,0.0,1.7419090807579976,0.7268981095679945,0.8769530057907104,0.8769530057907104,2.5
4882.10270690918,2489,0.0,3.0543264950604487,0.7460574207295909,0.80859375,0.80859375,3.0
9820.383590698242,4473,0.0,1.172699512936361,0.9088331470314428,0.85546875,0.85546875,3.0
5947.010703923177,2167,0.0,2.7825324692663704,0.746331413449708,0.8554689884185791,0.8554689884185791,3.75
20837.98092269897,12413,0.0,1.8093320654363123,0.7294426287909105,0.748046875,0.748046875,3.0
7272.48046875,2533,0.0,2.498191117877397,0.7150938412818292,0.875,0.875,3.75
3348.6328125,1270,0.0,1.7845870769141337,0.7197574960651149,0.9375,0.9375,3.0
1534.188821492743,744,0.0,1.5158759954949743,0.848102355910177,0.9082030057907104,0.9082030057907104,2.5
1977.163330078125,1008,0.0,1.2220304600447465,0.6316394264631022,0.80859375,0.80859375,3.0
23443.760851567917,7847,0.0,1.0273559112207649,0.8500785917496161,0.8925780057907104,0.8925780057907104,3.75
11757.030959475667,2732,0.0,1.258540671758396,0.42858102451186,0.9277340173721312,0.9277340173721312,5.0
4251.708984375,2322,0.0,4.165289185473305,0.6339338383635461,0.78125,0.78125,3.0
58523.08920779874,18056,0.0,1.586327792790903,0.4778059597700161,0.9296879768371582,0.9296879768371582,3.75
2800.7604217529297,1545,0.0,1.4938869500644063,0.7659862691651848,0.77734375,0.77734375,3.0
8633.09772138454,4098,0.0,1.6353408882668623,0.7547886353000918,0.9179689884185792,0.9179689884185792,2.4999923706054688
8969.318579096747,3138,0.0,3.1061623595155896,0.6190207751613015,0.8730469942092896,0.8730469942092896,3.75
20233.69643242941,6743,0.0,1.78643579605602,0.4104011543210861,0.8945310115814209,0.8945310115814209,3.75
8281.565046219797,4405,0.0,1.729397276039878,0.6100622856816448,0.8671879768371582,0.8671879768371582,2.5
4920.954667032938,1376,0.0,1.3719995107150444,0.8660053983418626,0.9765620231628418,0.9765620231628418,3.75
7750.151550292969,5284,0.0,1.345220799181044,0.9028331038183288,0.69921875,0.69921875,3.0
2271.6522216796875,794,0.0,1.5653350837359248,0.8977702485077398,0.9765625,0.9765625,3.0
32170.750602722168,17482,0.0,1.8459713242047795,0.5695174780242799,0.783203125,0.783203125,3.0
2896.522881633379,1137,0.0,1.4639224891086675,0.8518486413167109,0.8242189884185791,0.8242189884185791,3.75
38146.41533545634,29218,0.0,2.601355629466902,0.5453271491440894,0.7226560115814209,0.7226560115814209,2.5
8784.54931088276,3432,0.0,4.183569587471749,0.8379628614704657,0.8261719942092896,0.8261719942092896,3.75
17541.009677514627,5278,0.0,1.9289773678254716,0.4612555972860276,0.9414060115814208,0.9414060115814208,3.75
23713.663909776904,15011,0.0,1.1524860005751878,0.3718282061789206,0.7949219942092896,0.7949219942092896,2.5
4143.568575250573,1829,0.0,1.7967090900894531,0.7187278448734202,0.8690000176429749,0.8690000176429749,3.0
10462.166977352312,5285,0.0,3.897116148418279,0.7622361157779406,0.7265620231628418,0.7265620231628418,3.75
3044.240020751953,1432,0.0,1.2827664510282155,0.796310757804877,0.841796875,0.841796875,3.0
3015.953063964844,1089,0.0,2.3716468298681286,0.4765191506226716,0.859375,0.859375,3.75
8060.943603515625,3261,0.0,1.6072644741278046,0.7209515623024737,0.703125,0.703125,5.0
6754.084490602902,1105,0.0,1.087513861412085,0.8293222971209965,1.3671879768371582,1.3671879768371582,3.2699999809265137
11558.453178405762,6183,0.0,1.4402760002053174,0.9678607687448748,0.966796875,0.966796875,2.0
4604.81962565602,1709,0.0,1.3557302491661598,0.956076147634479,0.8476560115814209,0.8476560115814209,3.75
4253.959899902344,2933,0.0,1.6474969697420718,0.9284525255836312,0.6953125,0.6953125,3.0
18202.4218564477,10507,0.0,3.108964172740868,0.6231095851815469,0.6796879768371582,0.6796879768371582,3.75
7034.158447265625,3419,0.0,1.6136828241654486,0.8647506961002326,0.828125,0.828125,3.0
16599.245441599058,6836,0.0,1.6919222353258367,0.4634484361458068,0.8046879768371582,0.8046879768371582,3.75
3479.532165527344,1353,0.0,1.2951105323749694,0.9216623127307948,0.828125,0.828125,3.75
1600.1861572265625,1189,0.0,4.624072037716594,0.7208615696682207,0.8203125,0.8203125,2.0
4213.08555257767,1289,0.0,1.2151887843059936,0.9906338841025044,0.9335939884185792,0.9335939884185792,3.75
4620.257067721204,2813,0.0,3.5925591035892848,0.6690248017786834,0.8105469942092896,0.8105469942092896,2.5
14682.490578842137,5551,0.0,1.4541729804143388,0.9100770687725952,0.8398439884185791,0.8398439884185791,3.75
3597.223416902415,1360,0.0,4.670430613629456,0.7310257247395486,0.8398439884185791,0.8398439884185791,3.75
20819.415345471007,10517,0.0,1.1403882600457411,0.3568632457996887,0.7265620231628418,0.7265620231628418,3.75
5954.5537047552925,3457,0.0,5.868830316736192,0.7637833349661048,0.6777340173721313,0.6777340173721313,3.75
15831.994743525269,3661,0.0,2.189233234132555,0.403863001599302,0.9300000071525574,0.9300000071525574,5.0
7148.842471793593,2535,0.0,1.3765396805978547,0.5999219077497772,0.8671879768371582,0.8671879768371582,3.75
3953.745026468281,1904,0.0,1.42592119310604,0.9047969685265156,0.7441409826278687,0.7441409826278687,3.75
7558.862080482772,2303,0.0,1.4639334770582533,0.7992919607975809,0.9355469942092896,0.9355469942092896,3.75
2838.0829220724736,1547,0.0,1.3822786868698422,0.9345595498668612,0.7820000052452087,0.7820000052452087,3.0
42466.84258131596,20887,0.0,1.3698350195978763,0.8265993684422042,0.7363280057907104,0.7363280057907104,3.75
8846.84846507231,3679,0.0,1.763600745530663,0.6657853297876151,0.8007810115814209,0.8007810115814209,3.75
53959.74650169998,23933,0.0,1.84248847782847,0.431893477379299,0.7753909826278687,0.7753909826278687,3.75
4801.62890625,2816,0.0,1.2169465487831428,0.8442973899620533,0.75390625,0.75390625,3.0
6374.207702636719,3588,0.0,1.3370219068103697,0.8331052313547728,0.76953125,0.76953125,3.0
2668.905258178711,1382,0.0,1.0970605491057692,0.8016795047220572,0.87890625,0.87890625,2.5
20996.676821667395,6867,0.0,1.1006118520087234,0.7865279865520517,0.7820000052452087,0.7820000052452087,5.0
1351.302978515625,1096,0.0,1.541973223421545,0.8308967547009085,0.78515625,0.78515625,2.0
469.70999768006834,212,0.0,12.829830985633643,0.6863950761462526,0.9414060115814208,0.9414060115814208,2.5
8688.347625732422,6159,0.0,1.908837336869702,0.827829043988402,0.83984375,0.83984375,2.0
7728.620150825577,4002,0.0,3.585373609449648,0.5966004948654016,0.8789060115814209,0.8789060115814209,2.5
6700.012939453125,3196,0.0,1.6586848798877567,0.8896760199664488,0.8359375,0.8359375,3.0
9860.396509167003,5986,0.0,3.118932722113904,0.6932092760240338,0.7409999966621399,0.7409999966621399,3.0
4063.155990600586,2197,0.0,1.2559940868796649,0.8102986679489232,0.78515625,0.78515625,3.0
8858.605625368216,2699,0.0,2.871585291319044,0.7206202549504809,0.9355469942092896,0.9355469942092896,3.75
15530.29638671875,13247,0.0,2.320732129537737,0.6313248611227219,0.765625,0.765625,2.0
11052.131652832031,3863,0.0,5.462155529543125,0.6611314319536816,0.9765625,0.9765625,3.0
729.5601395891856,204,0.0,1.2688678580840376,0.9813781739856932,0.9765620231628418,0.9765620231628418,3.75
56928.63464355469,19898,0.0,1.7350547173971822,0.6816627698502549,0.9765625,0.9765625,3.0
3656.988627658771,1622,0.0,1.1384043887012676,0.9506453664939214,0.7753909826278687,0.7753909826278687,3.75
3842.265664570834,1910,0.0,1.1525016872519105,0.8879169994991415,0.7324219942092896,0.7324219942092896,3.75
15110.68344116211,11500,0.0,1.3528866854169406,0.8084419809838123,0.810546875,0.810546875,2.0
7976.01940568882,5905,0.0,2.913777371979145,0.610897824020936,0.6710000038146973,0.6710000038146973,3.0
17538.05355169297,7356,0.0,1.6321120473302575,0.8184659988247682,0.9765620231628418,0.9765620231628418,2.5
8136.530456542969,4580,0.0,3.228361034271777,0.498297921215703,0.76953125,0.76953125,3.0
4893.350474032936,2279,0.0,1.920102895288659,0.7365679585534377,0.8460000157356262,0.8460000157356262,3.0
2527.396611389904,938,0.0,1.2512551646296026,0.9696887476687256,0.8476560115814209,0.8476560115814209,3.75
3124.902101923023,1708,0.0,1.6416471680185245,0.7917778806243027,0.8554689884185791,0.8554689884185791,2.5
9084.873161315918,5324,0.0,1.5987479970295402,0.8305381782239047,0.826171875,0.826171875,2.5
25143.66384700693,15162,0.0,2.7048807347953745,0.6365034214978355,0.8144530057907104,0.8144530057907104,2.5
69010.38078118971,37713,0.0,1.1588029871573515,0.7023545684614527,0.781000018119812,0.781000018119812,3.0
9966.11000284622,3264,0.0,1.4659260747269962,0.6649512314332415,0.9023439884185792,0.9023439884185792,3.75
10124.329554075925,3574,0.0,4.105680611416036,0.6812659720371943,0.8691409826278687,0.8691409826278687,3.75
95105.19800287028,52945,0.0,2.2547516655275097,0.6009623741923746,0.8476560115814209,0.8476560115814209,2.5
